{
  "planck": 6.6260689633e-34,
  "pie": 3.1415926535897932384626433,
  "mersenne": 170141183460469231731687303715884105727,
  "pow53minus1": 9007199254740991,
  "pow53plus1": 9007199254740993,
  "binary64": 1.7976931348623157e+309
}
